{"cameraMode":{"drawMode":0,"name":"Shaded","section":"Shading Mode"},"sceneLighting":true,"audioPlay":false,"sceneViewState":{"showFog":true,"showMaterialUpdate":false,"showSkybox":true,"showFlares":true,"showImageEffects":true,"showParticleSystems":true},"in2DMode":false,"pivot":{"x":-11.80768871307373,"y":14.924948692321778,"z":-8.743270874023438},"rotation":{"x":-0.3232263922691345,"y":-0.34090831875801089,"z":0.12611298263072968,"w":-0.8737286925315857},"size":0.0424666590988636,"orthographic":false}